old_url,new_url,clicks_3mo,impressions_3mo,position
/moving-cost-in-singapore-pricing-guide/,/pricing,475,35001,25.18
/,/,428,97173,52.78
/no-lift-access-hire-experienced-movers-for-stairs-climb-in-singapore/,/no-lift-access-movers,251,2720,10.94
/movers-singapore-top-10-best-moving-companies-in-singapore/,/movers-directory,158,52103,48.14
/hire-reliable-movers-with-manpower-only-no-vehicle-needed/,/manpower-only-movers,144,5328,42.62
/midnight-movers-singapore/,/midnight-movers,71,3869,17.9
/movers-in-singapore-charge-hidden-fees-and-how-to-avoid-them/,/guides/moving-costs-hidden-fees,57,2949,25.29
/top-10-storage-solutions-in-singapore/,/guides/storage-options-singapore,51,19666,14.34
/list-of-movers-in-singapore/,/movers-directory,50,10991,52.55
/60-movers-in-singapore/,/movers-directory,38,4659,70.36
/same-day-movers-singapore/,/same-day-movers,35,3795,24.65
/contact/,/contact,28,2228,16.74
/moving-services/packing-and-unpacking-services/,/packing,27,5455,35.86
/manpower-services/packing-and-unpacking-services/,/packing,18,4671,30.63
/?utm_source=google&utm_medium=organic&utm_campaign=gbp,/,13,1107,8.82
/services/packing-and-unpacking-services/,/packing,10,1977,18.7
/services/artwork-and-antiques-moving/,/specialist-moving,10,668,31.74
/moving-company-checklist-what-to-ask-before-you-book-in-singapore/,/guides/moving-checklist,10,461,17.43
/packing-services-singapore/,/packing,8,6402,47.49
/about-us/,/about,8,1149,18.32
/movers-with-storage-in-singapore/,/storage,7,2813,42.7
/moving-services/artwork-and-antiques-moving/,/specialist-moving,7,360,35.22
/moving-services/secure-safe-and-vault-moving-services-in-singapore/,/office-moving,5,251,30.09
/disposal-services/,/disposal,4,859,47.87
/the-complete-guide-to-moving-sofa-beds-safely/,/packing,4,829,10.43
/how-big-is-a-10ft-vs-14ft-lorry-a-simple-guide-for-your-next-move/,/guides/lorry-sizes,4,786,9.73
/moving-solutions-moving-heavy-printers-and-copiers-safely/,/office-moving,4,155,20.8
/international-moving-services-in-singapore-movings-sg/,/international-moving,2,6418,71.13
/storage-services/,/storage,2,4105,67.81
/moving-costs-in-singapore-2026-how-much-should-you-expect-to-pay/,/pricing,2,609,46.56
/best-moving-company-in-singapore/,/movers-directory,2,496,28.12
/how-to-book-a-reliable-mover-during-peak-season-in-singapore/,/guides/moving-checklist,2,457,17.06
/bto-hdb-moving-in-singapore-what-to-expect-and-how-to-prepare/,/guides/bto-moving,2,217,9.17
/just-moved-house-in-singapore-heres-what-to-expect/,/guides/moving-checklist,1,1087,51.79
/self-storage-vs-on-demand-storage-in-singapore-which-option-is-better-for-your-move/,/guides/storage-options-singapore,1,1046,42.53
/services/,/house-moving,1,960,51.52
/services/residential-moving/,/house-moving,1,671,41.88
/how-to-pack-fragile-items-hdb-condo-move-singapore/,/packing,1,353,24.09
/services/house-moving/hdb-moving-services-in-singapore/,/house-moving,1,312,11.92
/all-in-one-moving-services-in-singapore-why-more-people-prefer-one-team-for-everything/,/house-moving,1,302,13.06
/manpower-services/furniture-dismantle-and-assembly-services/,/packing,1,218,52.28
/services/commercial-moving/fb-equipment-moving-services/,/office-moving,1,211,31.66
/packing-dismantling-and-furniture-assembly-services-in-singapore/,/packing,1,197,45.55
/moving-bulky-items-in-singapore-one-trip-can-make-all-the-difference/,/house-moving,1,144,17.5
/manpower-services/,/packing,1,112,17.18
/new-in-singapore-how-to-move-homes/,/house-moving,1,61,11.02
/from-offer-to-move-in-the-singapore-resale-property-buyers-timeline-and-when-to-book-your-movers/,/guides/moving-checklist,1,55,8.4
/how-we-pack-fragile-and-personal-items-for-a-safe-move-in-singapore/,/packing,1,46,46.35
/free-moving-quotes-singapore-what-you-need-to-know/,/pricing,1,39,17.41
/downsizing-or-upgrading-your-home-in-singapore-heres-how-to-plan-a-smooth-move/,/guides/moving-checklist,1,31,15.23
/moving-services/commercial-moving-singapore/,/office-moving,0,9063,62.03
/services/commercial-moving/,/office-moving,0,6432,51.09
/services/commercial-moving/office-relocation-services/,/office-moving,0,4575,73.11
/international-moving/,/international-moving,0,3443,65.21
/using-storage-during-office-relocation-in-singapore/,/storage,0,1598,16.31
/moving-services/moving-services-singapore/,/house-moving,0,1164,58.35
/moving-services/,/house-moving,0,827,27.15
/services/commercial-moving/vendorgov-moving-services/,/vendor-gov,0,708,7.46
/disposal-services/office-and-commercial-disposal-services/,/disposal,0,303,54.66
/storage-solutions-in-singapore-when-to-use-storage-during-a-move/,/storage,0,302,51.04
/moving-services/piano-moving-services/,/office-moving,0,263,65.24
/blog/,/blog,0,239,14.36
/when-should-you-start-looking-for-a-new-place-before-your-lease-ends-in-singapore/,/guides/moving-checklist,0,182,8.93
/moving-items-that-dont-fit-in-a-box-heres-how-we-pack-them-safely/,/packing,0,110,35.49
/moving-services/large-furniture-moving-services/,/house-moving,0,70,67.67
/what-to-store-vs-dispose-during-a-year-end-move-in-singapore/,/storage,0,51,18.16
/how-to-avoid-moving-scams-in-singapore-what-to-look-out-for/,/guides/moving-checklist,0,39,11.38
/same-day-packing-and-moving-services-singapore/,/packing,0,39,62.0
/moving-into-a-condo-in-singapore-what-to-check-before-moving-day/,/guides/condo-moving,0,35,35.49
/author/zhuomingpeh_4i3nd4fo/,/guides,0,28,7.79
/services/house-moving/landed-property-moving-services/,/house-moving,0,19,8.32
/how-long-does-it-take-to-move-house-in-singapore-a-complete-guide/,/guides/moving-checklist,0,18,12.83
/end-to-end-moving-services-what-all-in-one-really-means/,/house-moving,0,16,13.12
/category/uncategorized/,/guides,0,15,10.0
/flexible-moving-services-in-singapore-why-timing-matters-for-a-smooth-move/,/house-moving,0,15,16.53
/moving-solutions-blog/,/guides,0,11,14.64
/disposal-services/household-items-disposal-services/,/disposal,0,10,6.9
/packing/,/packing,0,9,6.0
/storing/,/storage,0,8,3.12
/moving-collectibles-and-hobby-items-heres-how-we-pack-them-safely/,/packing,0,7,6.71
/moving/,/house-moving,0,6,4.83
/author/nicole/,/guides,0,5,8.4
/do-you-need-storage-during-your-move-5-situations-where-it-helps/,/storage,0,4,44.5
/short-term-housing-in-singapore-what-to-do-with-your-belongings-between-moves/,/storage,0,4,56.75
/planning-a-move-in-singapore-lets-talk-before-moving-day/,/house-moving,0,3,8.33
/category/uncategorized/page/3/,/guides,0,2,26.0
/how-big-is-a-10ft-vs-14ft-lorry-a-simple-guide-for-next-move/,/guides/lorry-sizes,0,1,1.0
/disposal/,/disposal,0,1,3.0
/author/nicole/page/2/,/guides,0,1,5.0
/hello-world/,/guides,0,1,7.0
